id,image_urls,download_urls
"<td class=""text"">AUKG-381</td>",http://pics.dmm.co.jp/mono/movie/adult/aukg381so/aukg381sopl.jpg,"http://needisk.com/fs/0cl9etesu1n1c5d1/,http://needisk.com/fs/fkaadi0mafcb8f7/,http://yfdisk.com/fs/ea9l5m6l5s8tere9/,http://yfdisk.com/fs/5rofam3si1n72e57/,http://filemarkets.com/fs/2oho1sh9410482/,http://skpan.com/fs/da2scw8e15e8e846/,http://skpan.com/fs/bws5ea3r3599d15a4/,http://skpan.com/fs/7y3u9d7ff64978533/,http://skpan.com/fs/0skdwre9883af2d1/,http://www.yimuhe.com/file-4144238.html"
"<td class=""text"">MAGN-012</td>",http://pics.dmm.co.jp/mono/movie/adult/magn012/magn012pl.jpg,"http://needisk.com/fs/fcle2tsudnbae6a5/,http://needisk.com/fs/1kacdi4maeb6d31/,http://yfdisk.com/fs/2almflst1r300102/,http://yfdisk.com/fs/9r8oaafm9sei4n06/,http://filemarkets.com/fs/2ohboschbf3fa7/,http://skpan.com/fs/1a2sdw5ee5c8b8b9/,http://skpan.com/fs/bw0sce7abr8309696/,http://skpan.com/fs/dnl5og4an11eee4/,http://skpan.com/fs/4yud4f692838aa638/,http://skpan.com/fs/0skwfr9813870182/"
"<td class=""text"">AUKG-382</td>",http://pics.dmm.co.jp/mono/movie/adult/aukg382so/aukg382sopl.jpg,"http://needisk.com/fs/9cle2tsu3nc1d522/,http://needisk.com/fs/0kaa1d6ibmbaa40/,http://yfdisk.com/fs/calfml6stfr31221/,http://filemarkets.com/fs/0r9o5aemes3i7nd3/,http://filemarkets.com/fs/2oh8osfh0d0b47/,http://skpan.com/fs/bnlobgan1a6f805/,http://skpan.com/fs/2a1sbw9e85785869/,http://skpan.com/fs/2w3s3eaa8r5379493/,http://skpan.com/fs/1yudff69e83e97fa8/,http://skpan.com/fs/2s3k9w3rb928b3c3/"
"<td class=""text"">ULT-152</td>",http://pics.dmm.co.jp/mono/movie/adult/118ult152/118ult152pl.jpg,"http://filemarkets.com/fs/ecle5tsuanfd1892/,http://filemarkets.com/fs/fkad9ima242a442/,http://yfdisk.com/fs/8alm0lst9r602562/,http://yfdisk.com/fs/7roa9msian272348/,http://filemarkets.com/fs/7oaheods5h5850/,http://skpan.com/fs/8nlcogean6f8054/,http://skpan.com/fs/0as1wef58881a397/,http://skpan.com/fs/4wasceba9r43c9490/,http://skpan.com/fs/9yudaf69c83807448/,http://skpan.com/fs/8sck2w7rf9288360/"
"<td class=""text"">ULT-151</td>",http://pics.dmm.co.jp/mono/movie/adult/118ult151/118ult151pl.jpg,"http://filemarkets.com/fs/4c3lfe3t6sauan89/,http://filemarkets.com/fs/6ka3di1maac0821/,http://yfdisk.com/fs/cal2mlfstbrcc631/,http://yfdisk.com/fs/froadmsidnb3d882/,http://filemarkets.com/fs/8ofh7o1s2hbac6/,http://skpan.com/fs/7n6l9o1g4a9n6b0/,http://skpan.com/fs/2absdw2e9528b869/,http://skpan.com/fs/cws4ea2r369997974/,http://skpan.com/fs/1yud8f69083a76268/,http://skpan.com/fs/as0k1w4r99e813e6/"
"<td class=""text"">EKDV-482</td>",http://pics.dmm.co.jp/mono/movie/adult/49ekdv482/49ekdv482pl.jpg,"http://needisk.com/fs/dcleatsucndcbff8/,http://needisk.com/fs/akfa6d5i7m0ac06/,http://yfdisk.com/fs/5almblst8r880b42/,http://yfdisk.com/fs/aro0amcsi5n77444/,http://filemarkets.com/fs/7odh1o8sfhd4e0/,http://skpan.com/fs/9n6lbofg6a4n023/,http://skpan.com/fs/8aswae58b89578f2/,http://skpan.com/fs/awse4ar37990ef0b5/,http://skpan.com/fs/7y0u4d1f3629d8330/,http://skpan.com/fs/7skawr198b38f0d1/"
"<td class=""text"">HMPD-10034</td>",http://pics.dmm.co.jp/mono/movie/adult/41hmpd10034/41hmpd10034pl.jpg,"http://filemarkets.com/fs/9c1l7e3t3s5ubnf3/,http://filemarkets.com/fs/akad9ima8ced385/,http://skpan.com/fs/3asewe5582899d41/,http://skpan.com/fs/4wsefar3b99fef032/,http://skpan.com/fs/9y0uadbf960908d36/,http://filemarkets.com/fs/8r0oaa9m5s2icna9/,http://filemarkets.com/fs/do0h2o0sbh2366/,http://filemarkets.com/fs/6a3436c18723f478079/,http://skpan.com/fs/7skw4r9883fe4055/,http://www.yimuhe.com/file-4143571.html"
"<td class=""text"">HMPD-10030</td>",http://pics.dmm.co.jp/mono/movie/adult/41hmpd10030/41hmpd10030pl.jpg,"http://filemarkets.com/fs/9kad7ima7a2f145/,http://filemarkets.com/fs/3cle8tsu1n106ea2/,http://filemarkets.com/fs/7a7lemal3s9tfrb0/,http://skpan.com/fs/6aswee58280226e2/,http://skpan.com/fs/cwscea3r31991f7d7/,http://filemarkets.com/fs/1a84060107238408076/,http://skpan.com/fs/9y1ucd3ff6c9a8b30/,http://filemarkets.com/fs/5Pfofs0e4i2deo5n1236/,http://filemarkets.com/fs/0ro3am1si1n25884/,http://skpan.com/fs/2skbwrd98939fe97/"
"<td class=""text"">DIY-107</td>",http://pics.dmm.co.jp/mono/movie/adult/h_900diy107/h_900diy107pl.jpg,"http://needisk.com/fs/9cle6tsu0nc35202/,http://needisk.com/fs/7ka5di5maa5dae7/,http://yfdisk.com/fs/5al5ml3st3rf08c4/,http://yfdisk.com/fs/broa7msi3na20802/,http://filemarkets.com/fs/eohodsh9c76d38/,http://skpan.com/fs/8nlo6gan9e17045/,http://skpan.com/fs/aa2scw2e55389833/,http://skpan.com/fs/4wscea3r399995b84/,http://skpan.com/fs/4yufdf969983c89b7/,http://skpan.com/fs/8sbk2wbr49f8b3f6/"
"<td class=""text"">EKDV-484</td>",http://pics.dmm.co.jp/mono/movie/adult/49ekdv484/49ekdv484pl.jpg,"http://needisk.com/fs/fcl8etdsu3n98681/,http://needisk.com/fs/0kaddibmaa26584/,http://yfdisk.com/fs/ba6l8melfs0ter89/,http://yfdisk.com/fs/3rco4abm7s5i9nb9/,http://filemarkets.com/fs/0oho4sh26c75c5/,http://skpan.com/fs/an6l9o2gdaenf23/,http://skpan.com/fs/ba2s6w4e25184866/,http://skpan.com/fs/9wseea6r3899b7547/,http://skpan.com/fs/5yufdfa6938349f67/,http://skpan.com/fs/dsk4wrc98c30e624/"
"<td class=""text"">HMPD-10031</td>",http://pics.dmm.co.jp/mono/movie/adult/41hmpd10031/41hmpd10031pl.jpg,"http://filemarkets.com/fs/ac0l4e1tas8ucn20/,http://skpan.com/fs/ba3s8w5e95e84820/,http://skpan.com/fs/aws3eadr3399b2bc4/,http://filemarkets.com/fs/4k6a3d7icm5ab26/,http://filemarkets.com/fs/5al4ml1st9r7b4d1/,http://filemarkets.com/fs/cohofsh1675165/,http://filemarkets.com/fs/ca4461e73b487072314/,http://skpan.com/fs/6y9u8def0639e8739/,http://filemarkets.com/fs/0Pos5eidaon1c23ef7f2/,http://skpan.com/fs/cs9kawbr2978e3d3/"
"<td class=""text"">HMPD-10033</td>",http://pics.dmm.co.jp/mono/movie/adult/41hmpd10033/41hmpd10033pl.jpg,"http://filemarkets.com/fs/cclcetesu9n4dce7/,http://filemarkets.com/fs/3kaadd0ifm5a283/,http://filemarkets.com/fs/aa7lem2lbs7t6rd9/,http://skpan.com/fs/0aswfe58e8e81812/,http://skpan.com/fs/7ws3ea3r3299b25c1/,http://filemarkets.com/fs/dreo0a5m8s9idnf3/,http://filemarkets.com/fs/2a4361973848c071884/,http://skpan.com/fs/2y4u2ddf067998739/,http://filemarkets.com/fs/0Po3se0id8on712439f4/,http://www.yimuhe.com/file-4143570.html"
"<td class=""text"">AUKG-383</td>",http://pics.dmm.co.jp/mono/movie/adult/aukg383so/aukg383sopl.jpg,"http://skpan.com/fs/aaswae5828a3d652/,http://needisk.com/fs/3cflce9tes6u7nb3/,http://needisk.com/fs/5kad9ima8ee0442/,http://skpan.com/fs/8w6s5e9afra309393/,http://needisk.com/fs/fa3l3m7lcs0tfre3/,http://skpan.com/fs/9yu4dfe69a8307971/,http://skpan.com/fs/6skbwrb98435fcb7/,http://skpan.com/fs/bnblfo7g0a0n559/,http://www.yimuhe.com/file-4144239.html,http://filemarkets.com/fs/0r4oba7m5s0i0nb6/"
"<td class=""text"">MAGN-013</td>",http://pics.dmm.co.jp/mono/movie/adult/magn013/magn013pl.jpg,"http://needisk.com/fs/dk9aed6i6m4a079/,http://needisk.com/fs/bc5l5eat1saucn00/,http://yfdisk.com/fs/ca6l7m7l8s1tfr40/,http://yfdisk.com/fs/6roabmsibnbcfb85/,http://filemarkets.com/fs/boho3sh84e8532/,http://skpan.com/fs/1asw9e581809def5/,http://skpan.com/fs/cwse8ar3299276578/,http://skpan.com/fs/9nlbogeanc3ae14/,http://skpan.com/fs/1yu8dfc695830f8e4/,http://skpan.com/fs/askwer987355c982/"
"<td class=""text"">NSA-040</td>",http://pics.dmm.co.jp/mono/movie/adult/nsa040/nsa040pl.jpg,"http://skpan.com/fs/6asw9e58489d0a42/,http://skpan.com/fs/cwbsbe2a0rc369c90/,http://skpan.com/fs/1yaubdbff65948339/,http://skpan.com/fs/4skw9r988370f085/,http://www.yimuhe.com/file-4143624.html"
"<td class=""text"">HMPD-10032</td>",http://pics.dmm.co.jp/mono/movie/adult/41hmpd10032/41hmpd10032pl.jpg,"http://filemarkets.com/fs/dclcet7suand4744/,http://filemarkets.com/fs/ck9a0d4i7mfa3d6/,http://filemarkets.com/fs/2a1l0m0lesct0r99/,http://skpan.com/fs/0aswde58a8a248b5/,http://skpan.com/fs/aw6s6e9a7r83f9393/,http://filemarkets.com/fs/5o1h0oas2hab43/,http://skpan.com/fs/5yfu4d9fd6f938230/,http://skpan.com/fs/fskw5r98330aeb95/,http://filemarkets.com/fs/dr4o2a4mbs5icnd0/,http://www.yimuhe.com/file-4143569.html"
"<td class=""text"">AUKG-381</td>",http://pics.dmm.co.jp/mono/movie/adult/aukg381so/aukg381sops.jpg,"http://needisk.com/fs/0cl9etesu1n1c5d1/,http://needisk.com/fs/fkaadi0mafcb8f7/,http://yfdisk.com/fs/ea9l5m6l5s8tere9/,http://yfdisk.com/fs/5rofam3si1n72e57/,http://filemarkets.com/fs/2oho1sh9410482/,http://skpan.com/fs/da2scw8e15e8e846/,http://skpan.com/fs/bws5ea3r3599d15a4/,http://skpan.com/fs/7y3u9d7ff64978533/,http://skpan.com/fs/0skdwre9883af2d1/,http://www.yimuhe.com/file-4144238.html"
"<td class=""text"">AUKG-381</td>",http://pics.dmm.co.jp/mono/movie/adult/aukg381so/aukg381sops.jpg,"http://needisk.com/fs/0cl9etesu1n1c5d1/,http://needisk.com/fs/fkaadi0mafcb8f7/,http://yfdisk.com/fs/ea9l5m6l5s8tere9/,http://yfdisk.com/fs/5rofam3si1n72e57/,http://filemarkets.com/fs/2oho1sh9410482/,http://skpan.com/fs/da2scw8e15e8e846/,http://yfdisk.com/fs/cl9g1i6sae1c2td0/,http://skpan.com/fs/bws5ea3r3599d15a4/,http://skpan.com/fs/7y3u9d7ff64978533/,http://skpan.com/fs/0skdwre9883af2d1/,http://www.yimuhe.com/file-4144238.html,http://rapidgator.net/file/f3f0e356c4ee9d3caff48d33fcebf2f3[/url,http://rapidgator.net/file/2e3d2d54879b3bf19c734687bfcf216c[/url,http://rapidgator.net/file/71651b503f29ccf7984b0e03895aede9[/url,http://rapidgator.net/images/pics/896_5.gif[/img,http://rapidgator.net/images/pics/170_1.gif[/img,http://rapidgator.net/file/6ff359286b034aa6f140217618a7a6d3/AUKG-381.1080p.mp4.html[/url,http://rapidgator.net/file/e1e449527161a2539be20abcb33589cf[/url,http://rapidgator.net/file/94187bf51cf765b3d97340e264378bd9,http://rapidgator.net/file/8b64ac0fd522064f911c121b0fb1c0e0/AUKG-381.mp4.html"
"<td class=""text"">MAGN-012</td>",http://pics.dmm.co.jp/mono/movie/adult/magn012/magn012ps.jpg,"http://needisk.com/fs/fcle2tsudnbae6a5/,http://needisk.com/fs/1kacdi4maeb6d31/,http://yfdisk.com/fs/2almflst1r300102/,http://yfdisk.com/fs/9r8oaafm9sei4n06/,http://filemarkets.com/fs/2ohboschbf3fa7/,http://skpan.com/fs/1a2sdw5ee5c8b8b9/,http://skpan.com/fs/bw0sce7abr8309696/,http://skpan.com/fs/dnl5og4an11eee4/,http://skpan.com/fs/4yud4f692838aa638/,http://skpan.com/fs/0skwfr9813870182/,http://www.yimuhe.com/file-4144237.html"
"<td class=""text"">AUKG-382</td>",http://pics.dmm.co.jp/mono/movie/adult/aukg382so/aukg382sops.jpg,"http://needisk.com/fs/9cle2tsu3nc1d522/,http://needisk.com/fs/0kaa1d6ibmbaa40/,http://yfdisk.com/fs/calfml6stfr31221/,http://filemarkets.com/fs/0r9o5aemes3i7nd3/,http://filemarkets.com/fs/2oh8osfh0d0b47/,http://skpan.com/fs/bnlobgan1a6f805/,http://skpan.com/fs/2a1sbw9e85785869/,http://skpan.com/fs/2w3s3eaa8r5379493/,http://skpan.com/fs/1yudff69e83e97fa8/,http://skpan.com/fs/2s3k9w3rb928b3c3/,http://www.yimuhe.com/file-4144240.html"
"<td class=""text"">ULT-152</td>",http://pics.dmm.co.jp/mono/movie/adult/118ult152/118ult152ps.jpg,"http://filemarkets.com/fs/ecle5tsuanfd1892/,http://filemarkets.com/fs/fkad9ima242a442/,http://yfdisk.com/fs/8alm0lst9r602562/,http://yfdisk.com/fs/7roa9msian272348/,http://filemarkets.com/fs/7oaheods5h5850/,http://skpan.com/fs/8nlcogean6f8054/,http://skpan.com/fs/0as1wef58881a397/,http://skpan.com/fs/4wasceba9r43c9490/,http://skpan.com/fs/9yudaf69c83807448/,http://skpan.com/fs/8sck2w7rf9288360/,http://www.yimuhe.com/file-4143628.html"
"<td class=""text"">ULT-151</td>",http://pics.dmm.co.jp/mono/movie/adult/118ult151/118ult151ps.jpg,"http://filemarkets.com/fs/4c3lfe3t6sauan89/,http://filemarkets.com/fs/6ka3di1maac0821/,http://yfdisk.com/fs/cal2mlfstbrcc631/,http://yfdisk.com/fs/froadmsidnb3d882/,http://filemarkets.com/fs/8ofh7o1s2hbac6/,http://skpan.com/fs/7n6l9o1g4a9n6b0/,http://skpan.com/fs/2absdw2e9528b869/,http://skpan.com/fs/cws4ea2r369997974/,http://skpan.com/fs/1yud8f69083a76268/,http://skpan.com/fs/as0k1w4r99e813e6/,http://www.yimuhe.com/file-4143627.html"
"<td class=""text"">EKDV-482</td>",http://pics.dmm.co.jp/mono/movie/adult/49ekdv482/49ekdv482ps.jpg,"http://needisk.com/fs/dcleatsucndcbff8/,http://needisk.com/fs/akfa6d5i7m0ac06/,http://yfdisk.com/fs/5almblst8r880b42/,http://yfdisk.com/fs/aro0amcsi5n77444/,http://filemarkets.com/fs/7odh1o8sfhd4e0/,http://skpan.com/fs/9n6lbofg6a4n023/,http://skpan.com/fs/8aswae58b89578f2/,http://skpan.com/fs/awse4ar37990ef0b5/,http://skpan.com/fs/7y0u4d1f3629d8330/,http://skpan.com/fs/7skawr198b38f0d1/,http://www.yimuhe.com/file-4143666.html"
"<td class=""text"">HMPD-10034</td>",http://pics.dmm.co.jp/mono/movie/adult/41hmpd10034/41hmpd10034ps.jpg,"http://filemarkets.com/fs/9c1l7e3t3s5ubnf3/,http://filemarkets.com/fs/akad9ima8ced385/,http://skpan.com/fs/3asewe5582899d41/,http://skpan.com/fs/4wsefar3b99fef032/,http://skpan.com/fs/9y0uadbf960908d36/,http://filemarkets.com/fs/8r0oaa9m5s2icna9/,http://filemarkets.com/fs/do0h2o0sbh2366/,http://filemarkets.com/fs/6a3436c18723f478079/,http://skpan.com/fs/7skw4r9883fe4055/,http://www.yimuhe.com/file-4143571.html"
"<td class=""text"">HMPD-10030</td>",http://pics.dmm.co.jp/mono/movie/adult/41hmpd10030/41hmpd10030ps.jpg,"http://filemarkets.com/fs/9kad7ima7a2f145/,http://filemarkets.com/fs/3cle8tsu1n106ea2/,http://filemarkets.com/fs/7a7lemal3s9tfrb0/,http://skpan.com/fs/6aswee58280226e2/,http://skpan.com/fs/cwscea3r31991f7d7/,http://filemarkets.com/fs/1a84060107238408076/,http://skpan.com/fs/9y1ucd3ff6c9a8b30/,http://filemarkets.com/fs/5Pfofs0e4i2deo5n1236/,http://filemarkets.com/fs/0ro3am1si1n25884/,http://skpan.com/fs/2skbwrd98939fe97/,http://www.yimuhe.com/file-4143572.html"
"<td class=""text"">DIY-107</td>",http://pics.dmm.co.jp/mono/movie/adult/h_900diy107/h_900diy107ps.jpg,"http://needisk.com/fs/9cle6tsu0nc35202/,http://needisk.com/fs/7ka5di5maa5dae7/,http://yfdisk.com/fs/5al5ml3st3rf08c4/,http://yfdisk.com/fs/broa7msi3na20802/,http://filemarkets.com/fs/eohodsh9c76d38/,http://skpan.com/fs/8nlo6gan9e17045/,http://skpan.com/fs/aa2scw2e55389833/,http://skpan.com/fs/4wscea3r399995b84/,http://skpan.com/fs/4yufdf969983c89b7/,http://skpan.com/fs/8sbk2wbr49f8b3f6/,http://www.yimuhe.com/file-4143665.html"
"<td class=""text"">EKDV-484</td>",http://pics.dmm.co.jp/mono/movie/adult/49ekdv484/49ekdv484ps.jpg,"http://needisk.com/fs/fcl8etdsu3n98681/,http://needisk.com/fs/0kaddibmaa26584/,http://yfdisk.com/fs/ba6l8melfs0ter89/,http://yfdisk.com/fs/3rco4abm7s5i9nb9/,http://filemarkets.com/fs/0oho4sh26c75c5/,http://skpan.com/fs/an6l9o2gdaenf23/,http://skpan.com/fs/ba2s6w4e25184866/,http://skpan.com/fs/9wseea6r3899b7547/,http://skpan.com/fs/5yufdfa6938349f67/,http://skpan.com/fs/dsk4wrc98c30e624/,http://www.yimuhe.com/file-4143667.html"
